ID,Time,Dose,DV,LLOQ,DVBQL,BW,PMA
1,0,1200,,0.01,0,12,1
2,0.5,,110.0775357,0.01,0,16,2
3,4,,39.54544891,0.01,0,20,3
4,16,,0.05792524,0.01,0,25,5
5,24,,0.01,0.01,1,35,10
8,4,,4.292318083,0.01,0,80,40
